{"schemaVersion":"1.0","appDefinitionTemplate":{"id":"/providers/Microsoft.PowerApps/apps/","type":"Microsoft.PowerApps/apps","tags":{"primaryDeviceWidth":"640","primaryDeviceHeight":"1136","sienaVersion":"20210506T103951Z-3.21043.23.0","deviceCapabilities":"","supportsPortrait":"true","supportsLandscape":"false","primaryFormFactor":"Phone","publisherVersion":"3.21043.23","minimumRequiredApiVersion":"2.2.0","hasComponent":"false","hasUnlockedComponent":"false","isUnifiedRootApp":"false"},"properties":{"appVersion":"2021-05-06T10:39:51Z","lifeCycleId":"Published","createdByClientVersion":{"major":3,"minor":21043,"build":23,"revision":0,"majorRevision":0,"minorRevision":0},"minClientVersion":{"major":3,"minor":21043,"build":23,"revision":0,"majorRevision":0,"minorRevision":0},"backgroundColor":"rgba(81, 92, 107, 1)","backgroundImageUri":"/267855075086480205/N363c6b8e-e8fd-4305-b665-73b0cc5d7b72-logoSmallFile","displayName":"Min Sikkerhetsinformasjon","description":"","commitMessage":"","appUris":{"documentUri":{"value":"/267855075086480205/N429b7317-4a88-4e27-9d92-49a0b0af2dd2-document.msapp"},"imageUris":[]},"createdTime":"0001-01-01T00:00:00Z","lastModifiedTime":"0001-01-01T00:00:00Z","sharedGroupsCount":0,"sharedUsersCount":0,"icons":{"smallIconUri":"/267855075086480205/N5d6d661e-45cf-4013-ad60-8426b2a6f7e7-small.png","mediumIconUri":"/267855075086480205/N2643d452-ce75-431a-b638-836650f4dcc1-medium.png","largeIconUri":"/267855075086480205/N3e1c0d6a-0299-4923-94c1-50d80213e0c2-large.png","wideIconUri":"/267855075086480205/N3a55edf4-e46b-4b1d-9484-f10d3a87e986-wide.png"},"connectionReferences":{"f15ab594-5211-4827-8268-4c2b0e0879cc":{"id":"8d21b683-f3b4-4243-b054-8f51764c40db","displayName":"Power Authentication Methods","iconUri":"https://az787822.vo.msecnd.net/defaulticons/api-dedicated.png","dataSources":["PowerAuthenticationMethods"],"dependencies":[],"dependents":[],"parameterHints":{},"isOnPremiseConnection":false,"bypassConsent":false,"dataSets":{},"apiTier":"Standard","isCustomApiConnection":true,"actions":["MyAuthenticationMethods","Me"]}},"databaseReferences":{},"almMode":"Environment","performanceOptimizationEnabled":true,"canConsumeAppPass":true,"executionRestrictions":{"isTeamsOnly":false,"dataLossPreventionEvaluationResult":{"status":"Compliant","lastEvaluationDate":"2020-10-31T10:07:01.1556743Z","violationDetails":[]}}},"isAppComponentLibrary":false,"appType":"ClassicCanvasApp","appComponents":[]}}